Pmin,Pmax,Qmin,Qmax,Pd,Qd,c,PmaxChar,PmaxDisc,Emin,Emax,efiChar,efiDisc
-20,20,-20,20,0.0,0.0,1,0,0,0,0,0.0,0.0
0,0,0,0,1.3000000000000003,0.0,0,0,0,0,0,0.85,0.85
0,0,0,0,1.3000000000000003,0.05,0,0,0,0,0,0.85,0.85
0,20,-10,10,1.3000000000000003,0.35,3,0,0,0,0,1.0,1.0
